{
	"info": {
		"_postman_id": "6274f181-ccc7-42d1-a6ca-8a20e3b68557",
		"name": "Avaliação: Introdução Backend I (CRUD de Recados)",
		"schema": "https://schema.getpostman.com/json/collection/v2.1.0/collection.json",
		"_exporter_id": "1148080"
	},
	"item": [
		{
			"name": "User",
			"item": [
				{
					"name": "Create",
					"event": [
						{
							"listen": "test",
							"script": {
								"exec": [
									""
								],
								"type": "text/javascript"
							}
						}
					],
					"request": {
						"method": "POST",
						"header": [],
						"body": {
							"mode": "urlencoded",
							"urlencoded": [
								{
									"key": "name",
									"value": "Sérgio",
									"type": "text"
								},
								{
									"key": "email",
									"value": "sergio.castelani@gmail.com",
									"type": "text"
								},
								{
									"key": "password",
									"value": "1234",
									"type": "text"
								}
							]
						},
						"url": {
							"raw": "{{url}}/user",
							"host": [
								"{{url}}"
							],
							"path": [
								"user"
							]
						}
					},
					"response": []
				},
				{
					"name": "Read",
					"event": [
						{
							"listen": "test",
							"script": {
								"exec": [
									""
								],
								"type": "text/javascript"
							}
						}
					],
					"request": {
						"method": "GET",
						"header": [],
						"url": {
							"raw": "{{url}}/user/2",
							"host": [
								"{{url}}"
							],
							"path": [
								"user",
								"2"
							]
						}
					},
					"response": []
				},
				{
					"name": "Read All",
					"event": [
						{
							"listen": "test",
							"script": {
								"exec": [
									""
								],
								"type": "text/javascript"
							}
						}
					],
					"request": {
						"method": "GET",
						"header": [],
						"url": {
							"raw": "{{url}}/users",
							"host": [
								"{{url}}"
							],
							"path": [
								"users"
							]
						}
					},
					"response": []
				},
				{
					"name": "Update",
					"event": [
						{
							"listen": "test",
							"script": {
								"exec": [
									""
								],
								"type": "text/javascript"
							}
						}
					],
					"request": {
						"method": "PUT",
						"header": [],
						"body": {
							"mode": "urlencoded",
							"urlencoded": [
								{
									"key": "name",
									"value": "Sérgio Castelani Jr",
									"type": "text"
								},
								{
									"key": "password",
									"value": "555555",
									"type": "text",
									"disabled": true
								}
							]
						},
						"url": {
							"raw": "{{url}}/user/2",
							"host": [
								"{{url}}"
							],
							"path": [
								"user",
								"2"
							]
						}
					},
					"response": []
				},
				{
					"name": "Delete",
					"event": [
						{
							"listen": "test",
							"script": {
								"exec": [
									""
								],
								"type": "text/javascript"
							}
						}
					],
					"request": {
						"method": "DELETE",
						"header": [],
						"body": {
							"mode": "formdata",
							"formdata": []
						},
						"url": {
							"raw": "{{url}}/user/1",
							"host": [
								"{{url}}"
							],
							"path": [
								"user",
								"1"
							]
						}
					},
					"response": []
				},
				{
					"name": "Login",
					"event": [
						{
							"listen": "test",
							"script": {
								"exec": [
									""
								],
								"type": "text/javascript"
							}
						}
					],
					"request": {
						"method": "POST",
						"header": [],
						"body": {
							"mode": "urlencoded",
							"urlencoded": [
								{
									"key": "email",
									"value": "xxx@xxxx.com",
									"type": "text"
								},
								{
									"key": "password",
									"value": "password",
									"type": "text"
								}
							]
						},
						"url": {
							"raw": "{{url}}/user/login",
							"host": [
								"{{url}}"
							],
							"path": [
								"user",
								"login"
							]
						}
					},
					"response": []
				}
			]
		},
		{
			"name": "Message",
			"item": [
				{
					"name": "Create",
					"event": [
						{
							"listen": "test",
							"script": {
								"exec": [
									""
								],
								"type": "text/javascript"
							}
						}
					],
					"request": {
						"method": "POST",
						"header": [],
						"body": {
							"mode": "urlencoded",
							"urlencoded": [
								{
									"key": "userId",
									"value": "1",
									"type": "text"
								},
								{
									"key": "title",
									"value": "Teste",
									"type": "text"
								},
								{
									"key": "description",
									"value": "Está funcionando",
									"type": "text"
								}
							]
						},
						"url": {
							"raw": "{{url}}/message",
							"host": [
								"{{url}}"
							],
							"path": [
								"message"
							]
						}
					},
					"response": []
				},
				{
					"name": "Read",
					"event": [
						{
							"listen": "test",
							"script": {
								"exec": [
									""
								],
								"type": "text/javascript"
							}
						}
					],
					"request": {
						"method": "GET",
						"header": [],
						"url": {
							"raw": "{{url}}/message/1",
							"host": [
								"{{url}}"
							],
							"path": [
								"message",
								"1"
							]
						}
					},
					"response": []
				},
				{
					"name": "Read By User",
					"event": [
						{
							"listen": "test",
							"script": {
								"exec": [
									""
								],
								"type": "text/javascript"
							}
						}
					],
					"request": {
						"method": "GET",
						"header": [],
						"url": {
							"raw": "{{url}}/user_messages/1",
							"host": [
								"{{url}}"
							],
							"path": [
								"user_messages",
								"1"
							]
						}
					},
					"response": []
				},
				{
					"name": "Update",
					"event": [
						{
							"listen": "test",
							"script": {
								"exec": [
									""
								],
								"type": "text/javascript"
							}
						}
					],
					"request": {
						"method": "PUT",
						"header": [],
						"body": {
							"mode": "urlencoded",
							"urlencoded": [
								{
									"key": "title",
									"value": "Titulo Novo",
									"type": "text"
								},
								{
									"key": "description",
									"value": "Conteúdo novo",
									"type": "text"
								}
							]
						},
						"url": {
							"raw": "{{url}}/message/1",
							"host": [
								"{{url}}"
							],
							"path": [
								"message",
								"1"
							]
						}
					},
					"response": []
				},
				{
					"name": "Delete",
					"event": [
						{
							"listen": "test",
							"script": {
								"exec": [
									""
								],
								"type": "text/javascript"
							}
						}
					],
					"request": {
						"method": "DELETE",
						"header": [],
						"body": {
							"mode": "formdata",
							"formdata": []
						},
						"url": {
							"raw": "{{url}}/message/1",
							"host": [
								"{{url}}"
							],
							"path": [
								"message",
								"1"
							]
						}
					},
					"response": []
				}
			]
		},
		{
			"name": "Bem Vindo",
			"request": {
				"method": "GET",
				"header": [],
				"url": {
					"raw": "{{url}}/",
					"host": [
						"{{url}}"
					],
					"path": [
						""
					]
				}
			},
			"response": []
		}
	]
}